{"coef": [0.0, 0.10603162851675953, 0.298812388678551, 0.17147371333683017, 0.042818049209448386, 0.3209696916891736, 0.18177001821299102, 0.24902423384039415], "x_mean": [1.0, 24.90945954929203, 4927.173901482417, 245.98504287708568, 2017.7344944492454, 227.37592235591305, 0.261782889051386, 339.910382038154], "x_std": [1.0, 19.83847337505994, 2708.7787082151763, 106.46490072817704, 4.683888710972645, 161.87146899986092, 0.4396050591739299, 130.18698599450948], "y_mean": 1034.6912849830485, "y_std": 729.853787577762}