{"coef": [0.0, 0.16642833947051058, 0.2594252580302543, 0.09585614679760514, 0.4195476171724635, 0.24000979388074228, 0.3083074363814225], "x_mean": [1.0, 24.860931994947816, 246.19185002991424, 2017.7804294356179, 227.34408030313102, 0.2574619424316958, 340.7114542976765], "x_std": [1.0, 19.804020640082918, 106.39963670524044, 4.677371149043718, 161.12578105227865, 0.43723596676277093, 130.42807066125405], "y_mean": 1035.8715016951405, "y_std": 725.900058691224}