{"coef": [0.0, 0.10067431487261802, 0.2770113666786659, 0.16289988460908902, 0.03166279488463519, 0.3203843372453996, 0.16945813897935136, 0.23300716581766695], "x_mean": [1.0, 24.837122969837587, 4870.324958568114, 246.44693404043753, 2017.7434537620152, 231.03029499502819, 0.2593967517401392, 15.748074245939572], "x_std": [1.0, 20.06495717759534, 2736.1996901273155, 107.15688187493612, 4.699686278283424, 176.0694297537599, 0.4383036355391158, 3.6778318662113163], "y_mean": 1049.3674511103745, "y_std": 828.3966166472164}