{"coef": [[0.0, -0.13102245132518522, -0.29610601954835614, -0.26801128896639664, -0.6717289991721838, -0.16807852548513388, -0.140003044313415], [0.0, -0.21443664781646068, -0.27953692011756026, 0.13981848658961957, -0.1784374728550951, -0.4139408975813098, -0.7185539453079544], [0.0, 0.2171376295284933, 0.38808299477622926, 0.16031013149572235, 0.42238681992051696, 0.3065632819542492, 0.4230971571723574], [0.0, 0.086310132140846, 0.12865211935559637, -0.016823015791172964, 0.26628423629171954, 0.16524734121818344, 0.26610722495512956], [0.0, 0.04201133747228181, 0.058907825534099026, -0.015294313327779393, 0.16149541581511484, 0.11020879989402622, 0.1693526074938896]], "x_mean": [1.0, 24.93345742205677, 245.98271621352123, 2017.764940503889, 228.42943561789536, 0.25992155819982715, 339.94561104832525], "x_std": [1.0, 19.801300389123224, 106.43196565060826, 4.679169162629174, 161.97146936004486, 0.4385913152159009, 130.03973178118753], "y_mean": 1.0405504221232467, "y_std": 0.5978792230984487}